Grafica,Precio,Enlace
Tarjeta Para Graficos Quadro K2000 2 Gb ,"4,000",https://articulo.mercadolibre.com.mx/MLM-1359183309-tarjeta-para-graficos-quadro-k2000-2-gb-_JM#position=1&search_layout=stack&type=item&tracking_id=caaf0a21-a302-4179-8482-474e3ea63316
Nvidia Quadro 4000  Usada,"4,000",https://articulo.mercadolibre.com.mx/MLM-1359639940-nvidia-quadro-4000-usada-_JM#position=2&search_layout=stack&type=item&tracking_id=caaf0a21-a302-4179-8482-474e3ea63316
Amd Tarjeta Gráfica Radeon Hd 8490,"4,050",https://articulo.mercadolibre.com.mx/MLM-1356162037-amd-tarjeta-grafica-radeon-hd-8490-_JM#position=3&search_layout=stack&type=item&tracking_id=caaf0a21-a302-4179-8482-474e3ea63316
Asus Gtx760 2gb Gtx760-dc20c-2gd5  Nvidia Geforce,"4,099",https://articulo.mercadolibre.com.mx/MLM-1333969388-asus-gtx760-2gb-gtx760-dc20c-2gd5-nvidia-geforce-_JM#position=4&search_layout=stack&type=item&tracking_id=caaf0a21-a302-4179-8482-474e3ea63316
Apple Nvidia Gt120 Tarjeta De Video Mac Pro 512 Mb - Dvi Mdp,"4,200",https://articulo.mercadolibre.com.mx/MLM-870109743-apple-nvidia-gt120-tarjeta-de-video-mac-pro-512-mb-dvi-mdp-_JM#position=5&search_layout=stack&type=item&tracking_id=caaf0a21-a302-4179-8482-474e3ea63316
Tarjeta Grafica 4 Gb ,"4,250",https://articulo.mercadolibre.com.mx/MLM-1354166909-tarjeta-grafica-4-gb-_JM#position=6&search_layout=stack&type=item&tracking_id=caaf0a21-a302-4179-8482-474e3ea63316
Tarjeta De Video Gamer Evga Geforce Gtx670 Ftw 2048 Mb Gddr5,"4,300",https://articulo.mercadolibre.com.mx/MLM-932966341-tarjeta-de-video-gamer-evga-geforce-gtx670-ftw-2048-mb-gddr5-_JM#position=7&search_layout=stack&type=item&tracking_id=caaf0a21-a302-4179-8482-474e3ea63316
Xfx Amd Radeon R9 370 Original 4gb Tarjeta Grafica,"4,494",https://articulo.mercadolibre.com.mx/MLM-940142208-xfx-amd-radeon-r9-370-original-4gb-tarjeta-grafica-_JM#position=8&search_layout=stack&type=item&tracking_id=caaf0a21-a302-4179-8482-474e3ea63316
Tarjeta Acelerador Gráfico 3d Ati  Firepro V5700,"4,500",https://articulo.mercadolibre.com.mx/MLM-866795265-tarjeta-acelerador-grafico-3d-ati-firepro-v5700-_JM#position=9&search_layout=stack&type=item&tracking_id=caaf0a21-a302-4179-8482-474e3ea63316
Tarjeta De Video Nvidia Pny  Quadro Series P620 2gb,"4,500",https://articulo.mercadolibre.com.mx/MLM-961124339-tarjeta-de-video-nvidia-pny-quadro-series-p620-2gb-_JM#position=10&search_layout=stack&type=item&tracking_id=caaf0a21-a302-4179-8482-474e3ea63316
Nvidia Quadro P620 2gb Ddr5,"4,500",https://articulo.mercadolibre.com.mx/MLM-1322547759-nvidia-quadro-p620-2gb-ddr5-_JM#position=11&search_layout=stack&type=item&tracking_id=caaf0a21-a302-4179-8482-474e3ea63316
"Tarjetas De Video Nvidia P1000, 4gb. Open Box, Profesional. ","4,500",https://articulo.mercadolibre.com.mx/MLM-1342557880-tarjetas-de-video-nvidia-p1000-4gb-open-box-profesional-_JM#position=12&search_layout=stack&type=item&tracking_id=caaf0a21-a302-4179-8482-474e3ea63316
Asus Gtx 680 2gb Nvidia Geforce  Gtx680-2gd5,"4,600",https://articulo.mercadolibre.com.mx/MLM-1330783077-asus-gtx-680-2gb-nvidia-geforce-gtx680-2gd5-_JM#position=13&search_layout=stack&type=item&tracking_id=caaf0a21-a302-4179-8482-474e3ea63316
Tarjeta De Video Nvidia Quadro 5000 2.5 Gb Gddr5 Para Cad,"4,600",https://articulo.mercadolibre.com.mx/MLM-1334818768-tarjeta-de-video-nvidia-quadro-5000-25-gb-gddr5-para-cad-_JM#position=14&search_layout=stack&type=item&tracking_id=caaf0a21-a302-4179-8482-474e3ea63316
Tarjeta De Video R9 270x,"4,699",https://articulo.mercadolibre.com.mx/MLM-1338257874-tarjeta-de-video-r9-270x-_JM#position=15&search_layout=stack&type=item&tracking_id=caaf0a21-a302-4179-8482-474e3ea63316
Ati Hd 5870 Original Apple Tarjeta De Video 1 Gb - Dvi Mdp,"4,700",https://articulo.mercadolibre.com.mx/MLM-922522976-ati-hd-5870-original-apple-tarjeta-de-video-1-gb-dvi-mdp-_JM#position=16&search_layout=stack&type=item&tracking_id=caaf0a21-a302-4179-8482-474e3ea63316
Evga Gtx 1050 2gb Superclocked,"4,800",https://articulo.mercadolibre.com.mx/MLM-1313029004-evga-gtx-1050-2gb-superclocked-_JM#position=17&search_layout=stack&type=item&tracking_id=caaf0a21-a302-4179-8482-474e3ea63316
Mac Pro 2006 - 2012 · Amd Hd 5870 Apple Tarjeta Gráfica 1 Gb,"4,850",https://articulo.mercadolibre.com.mx/MLM-916228876-mac-pro-2006-2012-amd-hd-5870-apple-tarjeta-grafica-1-gb-_JM#position=18&search_layout=stack&type=item&tracking_id=caaf0a21-a302-4179-8482-474e3ea63316
"Tarjeta De Video Nvidia Quadro 4000, 2gb","4,850",https://articulo.mercadolibre.com.mx/MLM-1344519875-tarjeta-de-video-nvidia-quadro-4000-2gb-_JM#position=19&search_layout=stack&type=item&tracking_id=caaf0a21-a302-4179-8482-474e3ea63316
Sapphire Nitro R7 370 4gb,"4,900",https://articulo.mercadolibre.com.mx/MLM-1361129173-sapphire-nitro-r7-370-4gb-_JM#position=20&search_layout=stack&type=item&tracking_id=caaf0a21-a302-4179-8482-474e3ea63316
Tarjeta Grafica Nvidia Quadro 4000 2gb Gddr5 !!!,"4,950",https://articulo.mercadolibre.com.mx/MLM-797980997-tarjeta-grafica-nvidia-quadro-4000-2gb-gddr5--_JM#position=21&search_layout=stack&type=item&tracking_id=caaf0a21-a302-4179-8482-474e3ea63316
Nvidia Jetson Nano 4gb Developer Kit B01,"4,999",https://articulo.mercadolibre.com.mx/MLM-929855294-nvidia-jetson-nano-4gb-developer-kit-b01-_JM#position=22&search_layout=stack&type=item&tracking_id=caaf0a21-a302-4179-8482-474e3ea63316
Tarjeta De Video Quadro K4000,"5,000",https://articulo.mercadolibre.com.mx/MLM-768176580-tarjeta-de-video-quadro-k4000-_JM#position=23&search_layout=stack&type=item&tracking_id=caaf0a21-a302-4179-8482-474e3ea63316
Tarjeta De Video Matrox M9148 - Seminueva - Envio Gratis,"5,000",https://articulo.mercadolibre.com.mx/MLM-914406458-tarjeta-de-video-matrox-m9148-seminueva-envio-gratis-_JM#position=24&search_layout=stack&type=item&tracking_id=caaf0a21-a302-4179-8482-474e3ea63316
Nvidia Quadro 5000 ,"5,000",https://articulo.mercadolibre.com.mx/MLM-932344738-nvidia-quadro-5000-_JM#position=25&search_layout=stack&type=item&tracking_id=caaf0a21-a302-4179-8482-474e3ea63316
Nvidia Asus Geforce Gtx 670 Direct Cu Ii Top 2 Gb,"5,000",https://articulo.mercadolibre.com.mx/MLM-1336893529-nvidia-asus-geforce-gtx-670-direct-cu-ii-top-2-gb-_JM#position=26&search_layout=stack&type=item&tracking_id=caaf0a21-a302-4179-8482-474e3ea63316
Tarjeta De Video  Blackmagic Ultrastudio Mini Recorder,"5,000",https://articulo.mercadolibre.com.mx/MLM-1356496735-tarjeta-de-video-blackmagic-ultrastudio-mini-recorder-_JM#position=27&search_layout=stack&type=item&tracking_id=caaf0a21-a302-4179-8482-474e3ea63316
Tarjeta De Video Gpu P106-90 3gb ,"5,100",https://articulo.mercadolibre.com.mx/MLM-1363232725-tarjeta-de-video-gpu-p106-90-3gb-_JM#position=28&search_layout=stack&type=item&tracking_id=caaf0a21-a302-4179-8482-474e3ea63316
Tarjeta De Video Gpu P106-90 3gb ,"5,100",https://articulo.mercadolibre.com.mx/MLM-1363244565-tarjeta-de-video-gpu-p106-90-3gb-_JM#position=29&search_layout=stack&type=item&tracking_id=caaf0a21-a302-4179-8482-474e3ea63316
Tarjeta Grafica Nvidia Gtx 950 Seminueva Warzone Horizon,"5,499",https://articulo.mercadolibre.com.mx/MLM-1362097973-tarjeta-grafica-nvidia-gtx-950-seminueva-warzone-horizon-_JM#position=30&search_layout=stack&type=item&tracking_id=caaf0a21-a302-4179-8482-474e3ea63316
Gpu Dataton Videowall Publicitaria Radeon Hd7870,"5,500",https://articulo.mercadolibre.com.mx/MLM-714616689-gpu-dataton-videowall-publicitaria-radeon-hd7870-_JM#position=31&search_layout=stack&type=item&tracking_id=caaf0a21-a302-4179-8482-474e3ea63316
Gtx 960 2gb,"5,500",https://articulo.mercadolibre.com.mx/MLM-1320827517-gtx-960-2gb-_JM#position=32&search_layout=stack&type=item&tracking_id=caaf0a21-a302-4179-8482-474e3ea63316
Tarjeta Grafica 1050 Ti,"5,500",https://articulo.mercadolibre.com.mx/MLM-1334537265-tarjeta-grafica-1050-ti-_JM#position=33&search_layout=stack&type=item&tracking_id=caaf0a21-a302-4179-8482-474e3ea63316
Tarjeta Repuesto Asic Antminer Aissen Love Core A1,"5,500",https://articulo.mercadolibre.com.mx/MLM-1362313241-tarjeta-repuesto-asic-antminer-aissen-love-core-a1-_JM#position=34&search_layout=stack&type=item&tracking_id=caaf0a21-a302-4179-8482-474e3ea63316
"Tarjeta Grafica Evga Geforce Gtx 1050ti Sc Gaming(4gb,gddr5)","5,500",https://articulo.mercadolibre.com.mx/MLM-1362607873-tarjeta-grafica-evga-geforce-gtx-1050ti-sc-gaming4gbgddr5-_JM#position=35&search_layout=stack&type=item&tracking_id=caaf0a21-a302-4179-8482-474e3ea63316
Tarjeta De Captura-edición De Video Aja Kona,"5,600",https://articulo.mercadolibre.com.mx/MLM-787057789-tarjeta-de-captura-edicion-de-video-aja-kona-_JM#position=36&search_layout=stack&type=item&tracking_id=caaf0a21-a302-4179-8482-474e3ea63316
Tarjeta De Video Xfx Radeon R9 380x 4gb Ddr5 256bit Pcie 3.0,"5,800",https://articulo.mercadolibre.com.mx/MLM-1356126330-tarjeta-de-video-xfx-radeon-r9-380x-4gb-ddr5-256bit-pcie-30-_JM#position=37&search_layout=stack&type=item&tracking_id=caaf0a21-a302-4179-8482-474e3ea63316
Nvidia Quadro K2200,"5,840",https://articulo.mercadolibre.com.mx/MLM-1352323992-nvidia-quadro-k2200-_JM#position=38&search_layout=stack&type=item&tracking_id=caaf0a21-a302-4179-8482-474e3ea63316
Nvidia Tesla K20c,"5,900",https://articulo.mercadolibre.com.mx/MLM-764831896-nvidia-tesla-k20c-_JM#position=39&search_layout=stack&type=item&tracking_id=caaf0a21-a302-4179-8482-474e3ea63316
Upgrade Tarjeta Video 2gb Apple Mac Pro Xfx 7950 R9 270,"5,900",https://articulo.mercadolibre.com.mx/MLM-849220667-upgrade-tarjeta-video-2gb-apple-mac-pro-xfx-7950-r9-270-_JM#position=40&search_layout=stack&type=item&tracking_id=caaf0a21-a302-4179-8482-474e3ea63316
Tarjeta De Video Nvidia Gtx 1050,"5,900",https://articulo.mercadolibre.com.mx/MLM-1315747666-tarjeta-de-video-nvidia-gtx-1050-_JM#position=41&search_layout=stack&type=item&tracking_id=caaf0a21-a302-4179-8482-474e3ea63316
Tarjeta De Expansión De Almacenamiento Seagate P/xbox S/x,"5,900",https://articulo.mercadolibre.com.mx/MLM-1362650799-tarjeta-de-expansion-de-almacenamiento-seagate-pxbox-sx-_JM#position=42&search_layout=stack&type=item&tracking_id=caaf0a21-a302-4179-8482-474e3ea63316
Nvidia Asus Phoenix Gtx 1050 Ti ,"5,999",https://articulo.mercadolibre.com.mx/MLM-1347520856-nvidia-asus-phoenix-gtx-1050-ti-_JM#position=43&search_layout=stack&type=item&tracking_id=caaf0a21-a302-4179-8482-474e3ea63316
Tarjeta De Video Profesional Nvidia Quadro Series P1000 4gb,"5,999",https://articulo.mercadolibre.com.mx/MLM-1350171061-tarjeta-de-video-profesional-nvidia-quadro-series-p1000-4gb-_JM#position=44&search_layout=stack&type=item&tracking_id=caaf0a21-a302-4179-8482-474e3ea63316
Nvidia 1050,"6,000",https://articulo.mercadolibre.com.mx/MLM-920710949-nvidia-1050-_JM#position=45&search_layout=stack&type=item&tracking_id=caaf0a21-a302-4179-8482-474e3ea63316
Tarjeta De Video Hp-nvidia Quadro K4000,"6,000",https://articulo.mercadolibre.com.mx/MLM-1317855273-tarjeta-de-video-hp-nvidia-quadro-k4000-_JM#position=46&search_layout=stack&type=item&tracking_id=caaf0a21-a302-4179-8482-474e3ea63316
Ati Genuine Apple Radeon Hd 5770 1gb Video Card Mac Pro Desk,"6,000",https://articulo.mercadolibre.com.mx/MLM-1343491263-ati-genuine-apple-radeon-hd-5770-1gb-video-card-mac-pro-desk-_JM#position=47&search_layout=stack&type=item&tracking_id=caaf0a21-a302-4179-8482-474e3ea63316
Tarjeta De Lazo Edwars,"6,000",https://articulo.mercadolibre.com.mx/MLM-1343822587-tarjeta-de-lazo-edwars-_JM#position=48&search_layout=stack&type=item&tracking_id=caaf0a21-a302-4179-8482-474e3ea63316
Tarjeta De Video Nvidia Gtx 1050 Ti,"6,000",https://articulo.mercadolibre.com.mx/MLM-1362181582-tarjeta-de-video-nvidia-gtx-1050-ti-_JM#position=49&search_layout=stack&type=item&tracking_id=caaf0a21-a302-4179-8482-474e3ea63316
Tarjeta De Video Evga Gtx 750 1gb ,"2,990",https://articulo.mercadolibre.com.mx/MLM-1340669795-tarjeta-de-video-evga-gtx-750-1gb-_JM#position=50&search_layout=stack&type=item&tracking_id=caaf0a21-a302-4179-8482-474e3ea63316
Amd Radeon Hd 7700 Series,"2,999",https://articulo.mercadolibre.com.mx/MLM-1342086168-amd-radeon-hd-7700-series-_JM#position=1&search_layout=stack&type=item&tracking_id=7f269f42-a6a5-479b-9754-f45db60bcd9f
Nvidia Geforce Gtx 980 4gb Evga Para Reparar/piezas,"2,999",https://articulo.mercadolibre.com.mx/MLM-1356354544-nvidia-geforce-gtx-980-4gb-evga-para-repararpiezas-_JM#position=2&search_layout=stack&type=item&tracking_id=7f269f42-a6a5-479b-9754-f45db60bcd9f
Tarjeta De Video Nvidia Geforce Gt 1030 Asus 2gb Ddr5,"2,999",https://articulo.mercadolibre.com.mx/MLM-1363310239-tarjeta-de-video-nvidia-geforce-gt-1030-asus-2gb-ddr5-_JM#position=3&search_layout=stack&type=item&tracking_id=7f269f42-a6a5-479b-9754-f45db60bcd9f
Tarjeta De Video Nvidia Gforce Gtx Marca Evga 3gb Gddr5 580,"3,000",https://articulo.mercadolibre.com.mx/MLM-1349858580-tarjeta-de-video-nvidia-gforce-gtx-marca-evga-3gb-gddr5-580-_JM#position=4&search_layout=stack&type=item&tracking_id=7f269f42-a6a5-479b-9754-f45db60bcd9f
Gtx 680 2gb,"3,000",https://articulo.mercadolibre.com.mx/MLM-1352105576-gtx-680-2gb-_JM#position=5&search_layout=stack&type=item&tracking_id=7f269f42-a6a5-479b-9754-f45db60bcd9f
Gtx 660 2 Gb Drr5 ,"3,000",https://articulo.mercadolibre.com.mx/MLM-1354810347-gtx-660-2-gb-drr5-_JM#position=6&search_layout=stack&type=item&tracking_id=7f269f42-a6a5-479b-9754-f45db60bcd9f
Disipador Rtx 2080ti Founders,"3,000",https://articulo.mercadolibre.com.mx/MLM-1356838757-disipador-rtx-2080ti-founders-_JM#position=7&search_layout=stack&type=item&tracking_id=7f269f42-a6a5-479b-9754-f45db60bcd9f
Nvidia Gt 1030 Asus Phoenix,"3,000",https://articulo.mercadolibre.com.mx/MLM-1357776497-nvidia-gt-1030-asus-phoenix-_JM#position=8&search_layout=stack&type=item&tracking_id=7f269f42-a6a5-479b-9754-f45db60bcd9f
R9 270 2gb Asus,"3,000",https://articulo.mercadolibre.com.mx/MLM-1359305142-r9-270-2gb-asus-_JM#position=9&search_layout=stack&type=item&tracking_id=7f269f42-a6a5-479b-9754-f45db60bcd9f
Nvidia Gtx 950 Asus,"3,000",https://articulo.mercadolibre.com.mx/MLM-1359624047-nvidia-gtx-950-asus-_JM#position=10&search_layout=stack&type=item&tracking_id=7f269f42-a6a5-479b-9754-f45db60bcd9f
Tarjeta De Video R9 270x,"3,000",https://articulo.mercadolibre.com.mx/MLM-1361331178-tarjeta-de-video-r9-270x-_JM#position=11&search_layout=stack&type=item&tracking_id=7f269f42-a6a5-479b-9754-f45db60bcd9f
Water Block - 1080 Ti Amp Extreme Zotac,"3,100",https://articulo.mercadolibre.com.mx/MLM-1344271643-water-block-1080-ti-amp-extreme-zotac-_JM#position=12&search_layout=stack&type=item&tracking_id=7f269f42-a6a5-479b-9754-f45db60bcd9f
Tarjeta De Video Asus Gt 1030 2gb Ddr5 Hdmi/dvi,"3,100",https://articulo.mercadolibre.com.mx/MLM-1362095702-tarjeta-de-video-asus-gt-1030-2gb-ddr5-hdmidvi-_JM#position=13&search_layout=stack&type=item&tracking_id=7f269f42-a6a5-479b-9754-f45db60bcd9f
Tarjeta De Video Nvidia Gigabyte 1030 Oc Edition 2gb,"3,150",https://articulo.mercadolibre.com.mx/MLM-1350017069-tarjeta-de-video-nvidia-gigabyte-1030-oc-edition-2gb-_JM#position=14&search_layout=stack&type=item&tracking_id=7f269f42-a6a5-479b-9754-f45db60bcd9f
Tarjeta De Video Nvidia Pny  Quadro P620 Vcqp620v2-pb 2gb,"3,160",https://articulo.mercadolibre.com.mx/MLM-1346289329-tarjeta-de-video-nvidia-pny-quadro-p620-vcqp620v2-pb-2gb-_JM#position=15&search_layout=stack&type=item&tracking_id=7f269f42-a6a5-479b-9754-f45db60bcd9f
"Nvidia Gforce Gt120 De 512mb Para Mac Pro 3.1, 4.1 Y 5.1","3,160",https://articulo.mercadolibre.com.mx/MLM-1357235159-nvidia-gforce-gt120-de-512mb-para-mac-pro-31-41-y-51-_JM#position=16&search_layout=stack&type=item&tracking_id=7f269f42-a6a5-479b-9754-f45db60bcd9f
Gtx 660 Ti,"3,200",https://articulo.mercadolibre.com.mx/MLM-1341605236-gtx-660-ti-_JM#position=17&search_layout=stack&type=item&tracking_id=7f269f42-a6a5-479b-9754-f45db60bcd9f
R9 270x 2gb Sapphire Vaporx  ,"3,300",https://articulo.mercadolibre.com.mx/MLM-1362473980-r9-270x-2gb-sapphire-vaporx-_JM#position=18&search_layout=stack&type=item&tracking_id=7f269f42-a6a5-479b-9754-f45db60bcd9f
Tarjeta Grafica R9 270x ,"3,300",https://articulo.mercadolibre.com.mx/MLM-1363006518-tarjeta-grafica-r9-270x-_JM#position=19&search_layout=stack&type=item&tracking_id=7f269f42-a6a5-479b-9754-f45db60bcd9f
Geforce Gtx 950 ,"3,450",https://articulo.mercadolibre.com.mx/MLM-1362623997-geforce-gtx-950-_JM#position=20&search_layout=stack&type=item&tracking_id=7f269f42-a6a5-479b-9754-f45db60bcd9f
Zotac Geforce Gtx 750ti 2gb Gddr5 Pci Express 3.0 Dvi Hdmi ,"3,499",https://articulo.mercadolibre.com.mx/MLM-1347768152-zotac-geforce-gtx-750ti-2gb-gddr5-pci-express-30-dvi-hdmi-_JM#position=21&search_layout=stack&type=item&tracking_id=7f269f42-a6a5-479b-9754-f45db60bcd9f
Nvidia Tesla K20 5gb Gpu Active Cooling 2496 Cuda Cores ,"3,500",https://articulo.mercadolibre.com.mx/MLM-1347090906-nvidia-tesla-k20-5gb-gpu-active-cooling-2496-cuda-cores-_JM#position=22&search_layout=stack&type=item&tracking_id=7f269f42-a6a5-479b-9754-f45db60bcd9f
Amd R7 360,"3,500",https://articulo.mercadolibre.com.mx/MLM-1351329090-amd-r7-360-_JM#position=23&search_layout=stack&type=item&tracking_id=7f269f42-a6a5-479b-9754-f45db60bcd9f
Gtx 750ti,"3,500",https://articulo.mercadolibre.com.mx/MLM-1359047669-gtx-750ti-_JM#position=24&search_layout=stack&type=item&tracking_id=7f269f42-a6a5-479b-9754-f45db60bcd9f
R9 280x,"3,500",https://articulo.mercadolibre.com.mx/MLM-1362884167-r9-280x-_JM#position=25&search_layout=stack&type=item&tracking_id=7f269f42-a6a5-479b-9754-f45db60bcd9f
Egva Geforce Gtx 660 Sc 2 Gb Gddr5 ,"3,600",https://articulo.mercadolibre.com.mx/MLM-1351113153-egva-geforce-gtx-660-sc-2-gb-gddr5-_JM#position=26&search_layout=stack&type=item&tracking_id=7f269f42-a6a5-479b-9754-f45db60bcd9f
Tarjeta De Video Quadro P600 Para Videojuegos Y Diseño.,"3,800",https://articulo.mercadolibre.com.mx/MLM-1342178739-tarjeta-de-video-quadro-p600-para-videojuegos-y-diseno-_JM#position=27&search_layout=stack&type=item&tracking_id=7f269f42-a6a5-479b-9754-f45db60bcd9f
Tarjeta De Video Veineda R9 370 4gb Gddr5 256bits,"3,800",https://articulo.mercadolibre.com.mx/MLM-1360823769-tarjeta-de-video-veineda-r9-370-4gb-gddr5-256bits-_JM#position=28&search_layout=stack&type=item&tracking_id=7f269f42-a6a5-479b-9754-f45db60bcd9f
Asus Gtx760 2gb Gtx760-dc20c-2gd5  Nvidia Geforce,"3,899",https://articulo.mercadolibre.com.mx/MLM-1333982352-asus-gtx760-2gb-gtx760-dc20c-2gd5-nvidia-geforce-_JM#position=29&search_layout=stack&type=item&tracking_id=7f269f42-a6a5-479b-9754-f45db60bcd9f
Tarjeta Grafica 4 Gb Yeston,"3,899",https://articulo.mercadolibre.com.mx/MLM-1347794231-tarjeta-grafica-4-gb-yeston-_JM#position=30&search_layout=stack&type=item&tracking_id=7f269f42-a6a5-479b-9754-f45db60bcd9f
Amd Rx-550 2gb Tarjeta De Video Radeon Gigabyte,"3,899",https://articulo.mercadolibre.com.mx/MLM-1347980114-amd-rx-550-2gb-tarjeta-de-video-radeon-gigabyte-_JM#position=31&search_layout=stack&type=item&tracking_id=7f269f42-a6a5-479b-9754-f45db60bcd9f
Tarjeta De Video Amd Biostar Rx560 2gb Ddr5/dvi/hdmi/dp,"3,950",https://articulo.mercadolibre.com.mx/MLM-1361292328-tarjeta-de-video-amd-biostar-rx560-2gb-ddr5dvihdmidp-_JM#position=32&search_layout=stack&type=item&tracking_id=7f269f42-a6a5-479b-9754-f45db60bcd9f
Tarjeta De Video Amd Radeon Hd7570 Dvi Video Card 9m4kg,"3,950",https://articulo.mercadolibre.com.mx/MLM-1362257794-tarjeta-de-video-amd-radeon-hd7570-dvi-video-card-9m4kg-_JM#position=33&search_layout=stack&type=item&tracking_id=7f269f42-a6a5-479b-9754-f45db60bcd9f
Gtx 460 1gb,"4,000",https://articulo.mercadolibre.com.mx/MLM-808609177-gtx-460-1gb-_JM#position=34&search_layout=stack&type=item&tracking_id=7f269f42-a6a5-479b-9754-f45db60bcd9f
Tarjeta De Video Gtx 770 2gb Gddr5,"4,000",https://articulo.mercadolibre.com.mx/MLM-1348439030-tarjeta-de-video-gtx-770-2gb-gddr5-_JM#position=35&search_layout=stack&type=item&tracking_id=7f269f42-a6a5-479b-9754-f45db60bcd9f
Tarjeta Gráfica Nvidia Quadro Nvs 450,"4,000",https://articulo.mercadolibre.com.mx/MLM-1351183708-tarjeta-grafica-nvidia-quadro-nvs-450-_JM#position=36&search_layout=stack&type=item&tracking_id=7f269f42-a6a5-479b-9754-f45db60bcd9f
Gtx 770 Windforce 4gb Oc + Nzxt Kraken X41,"4,000",https://articulo.mercadolibre.com.mx/MLM-1359921097-gtx-770-windforce-4gb-oc-nzxt-kraken-x41-_JM#position=37&search_layout=stack&type=item&tracking_id=7f269f42-a6a5-479b-9754-f45db60bcd9f
Tarjeta De Video R9 270 2gb Gddr5,"4,000",https://articulo.mercadolibre.com.mx/MLM-1362178456-tarjeta-de-video-r9-270-2gb-gddr5-_JM#position=38&search_layout=stack&type=item&tracking_id=7f269f42-a6a5-479b-9754-f45db60bcd9f
Asus Gtx 680 2gb Nvidia Geforce  Gtx680-2gd5,"4,200",https://articulo.mercadolibre.com.mx/MLM-1330720783-asus-gtx-680-2gb-nvidia-geforce-gtx680-2gd5-_JM#position=39&search_layout=stack&type=item&tracking_id=7f269f42-a6a5-479b-9754-f45db60bcd9f
Tarjeta De Video Gigabyte Amd Radeon R9 285 2gb Mejor A 1050,"4,200",https://articulo.mercadolibre.com.mx/MLM-1340676222-tarjeta-de-video-gigabyte-amd-radeon-r9-285-2gb-mejor-a-1050-_JM#position=40&search_layout=stack&type=item&tracking_id=7f269f42-a6a5-479b-9754-f45db60bcd9f
Gigabyte R9 270x 4g,"4,250",https://articulo.mercadolibre.com.mx/MLM-1357767521-gigabyte-r9-270x-4g-_JM#position=41&search_layout=stack&type=item&tracking_id=7f269f42-a6a5-479b-9754-f45db60bcd9f
Nvidia Quadro Fx5800 Pcie X16 4gb,"4,299",https://articulo.mercadolibre.com.mx/MLM-674352517-nvidia-quadro-fx5800-pcie-x16-4gb-_JM#position=42&search_layout=stack&type=item&tracking_id=7f269f42-a6a5-479b-9754-f45db60bcd9f
Nvidia Quadro M2000 4 Gb Gddr5 Tarjeta De Video,"4,300",https://articulo.mercadolibre.com.mx/MLM-1343247688-nvidia-quadro-m2000-4-gb-gddr5-tarjeta-de-video-_JM#position=43&search_layout=stack&type=item&tracking_id=7f269f42-a6a5-479b-9754-f45db60bcd9f
Tarjeta Gráfica Amd Radeon Hd 7850 Ghost Series Oc/gtx 1050,"4,400",https://articulo.mercadolibre.com.mx/MLM-1356665652-tarjeta-grafica-amd-radeon-hd-7850-ghost-series-ocgtx-1050-_JM#position=44&search_layout=stack&type=item&tracking_id=7f269f42-a6a5-479b-9754-f45db60bcd9f
Geforce® Gtx 1050 D5 2g(rev1.0/rev1.1),"4,500",https://articulo.mercadolibre.com.mx/MLM-1343871320-geforce-gtx-1050-d5-2grev10rev11-_JM#position=45&search_layout=stack&type=item&tracking_id=7f269f42-a6a5-479b-9754-f45db60bcd9f
Tarjeta De Video Pny Quadro P620 2 Gb Seminueva,"4,500",https://articulo.mercadolibre.com.mx/MLM-1357451628-tarjeta-de-video-pny-quadro-p620-2-gb-seminueva-_JM#position=46&search_layout=stack&type=item&tracking_id=7f269f42-a6a5-479b-9754-f45db60bcd9f
Nvidia Geforce Gtx 950 Ftw (evga) ,"4,500",https://articulo.mercadolibre.com.mx/MLM-1362310885-nvidia-geforce-gtx-950-ftw-evga-_JM#position=47&search_layout=stack&type=item&tracking_id=7f269f42-a6a5-479b-9754-f45db60bcd9f
Tarjeta De Vídeo Rx 460 4gb,"4,500",https://articulo.mercadolibre.com.mx/MLM-1363043034-tarjeta-de-video-rx-460-4gb-_JM#position=48&search_layout=stack&type=item&tracking_id=7f269f42-a6a5-479b-9754-f45db60bcd9f
Nvidia Quadro Fx5800 Pcie X16 4gb 536797-001,"4,599",https://articulo.mercadolibre.com.mx/MLM-674752129-nvidia-quadro-fx5800-pcie-x16-4gb-536797-001-_JM#position=49&search_layout=stack&type=item&tracking_id=7f269f42-a6a5-479b-9754-f45db60bcd9f
Tarjeta De Video Nvidia Gtx 960 2gb Asus Ecritorio,"4,678",https://articulo.mercadolibre.com.mx/MLM-1343238071-tarjeta-de-video-nvidia-gtx-960-2gb-asus-ecritorio-_JM#position=1&search_layout=stack&type=item&tracking_id=632244f1-0a4a-4ce5-aa27-8f91fee0b03d
"Asus 1050 Ti Tarjeta De Video, Aceleradora Grafica","4,800",https://articulo.mercadolibre.com.mx/MLM-1358187627-asus-1050-ti-tarjeta-de-video-aceleradora-grafica-_JM#position=2&search_layout=stack&type=item&tracking_id=632244f1-0a4a-4ce5-aa27-8f91fee0b03d
Nvidia Tesla M40 Pg600 12gb Gddr Gpu,"4,995",https://articulo.mercadolibre.com.mx/MLM-1343977457-nvidia-tesla-m40-pg600-12gb-gddr-gpu-_JM#position=3&search_layout=stack&type=item&tracking_id=632244f1-0a4a-4ce5-aa27-8f91fee0b03d
Asus Strix Gtx 960 Oc Direct Cu 2gb Ddr5,"5,000",https://articulo.mercadolibre.com.mx/MLM-1340603360-asus-strix-gtx-960-oc-direct-cu-2gb-ddr5-_JM#position=4&search_layout=stack&type=item&tracking_id=632244f1-0a4a-4ce5-aa27-8f91fee0b03d
Nvidia Gtx 960 2gb,"5,000",https://articulo.mercadolibre.com.mx/MLM-1363041204-nvidia-gtx-960-2gb-_JM#position=5&search_layout=stack&type=item&tracking_id=632244f1-0a4a-4ce5-aa27-8f91fee0b03d
Tarjeta De Video Amd Sapphire Radeon R9 280x 3gb Oc Toxic,"5,199",https://articulo.mercadolibre.com.mx/MLM-1362659011-tarjeta-de-video-amd-sapphire-radeon-r9-280x-3gb-oc-toxic-_JM#position=6&search_layout=stack&type=item&tracking_id=632244f1-0a4a-4ce5-aa27-8f91fee0b03d
Tarjeta Gráfica Nvidia Quadro K4000,"5,300",https://articulo.mercadolibre.com.mx/MLM-1355677657-tarjeta-grafica-nvidia-quadro-k4000-_JM#position=7&search_layout=stack&type=item&tracking_id=632244f1-0a4a-4ce5-aa27-8f91fee0b03d
Tarjeta De Video R9 270x 4gb,"5,500",https://articulo.mercadolibre.com.mx/MLM-1350954281-tarjeta-de-video-r9-270x-4gb-_JM#position=8&search_layout=stack&type=item&tracking_id=632244f1-0a4a-4ce5-aa27-8f91fee0b03d
Geforce Gtx 1050 Ti,"5,500",https://articulo.mercadolibre.com.mx/MLM-1362425494-geforce-gtx-1050-ti-_JM#position=9&search_layout=stack&type=item&tracking_id=632244f1-0a4a-4ce5-aa27-8f91fee0b03d
Nvidia Geforce Gtx 970 Windforce,"5,500",https://articulo.mercadolibre.com.mx/MLM-1362638395-nvidia-geforce-gtx-970-windforce-_JM#position=10&search_layout=stack&type=item&tracking_id=632244f1-0a4a-4ce5-aa27-8f91fee0b03d
Tarjeta De Video Amd R9 270x ,"5,500",https://articulo.mercadolibre.com.mx/MLM-1363228910-tarjeta-de-video-amd-r9-270x-_JM#position=11&search_layout=stack&type=item&tracking_id=632244f1-0a4a-4ce5-aa27-8f91fee0b03d
Gtx 1050 Ti Oc,"5,700",https://articulo.mercadolibre.com.mx/MLM-1343676507-gtx-1050-ti-oc-_JM#position=12&search_layout=stack&type=item&tracking_id=632244f1-0a4a-4ce5-aa27-8f91fee0b03d
Gtx 1060 3gb Hp,"5,800",https://articulo.mercadolibre.com.mx/MLM-1360024561-gtx-1060-3gb-hp-_JM#position=13&search_layout=stack&type=item&tracking_id=632244f1-0a4a-4ce5-aa27-8f91fee0b03d
Strix Gtx 970 Asus,"5,800",https://articulo.mercadolibre.com.mx/MLM-1362418577-strix-gtx-970-asus-_JM#position=14&search_layout=stack&type=item&tracking_id=632244f1-0a4a-4ce5-aa27-8f91fee0b03d
Tarjeta De Video Gigabyte Nvidia Geforce Gtx 1050ti ,"5,950",https://articulo.mercadolibre.com.mx/MLM-1354919169-tarjeta-de-video-gigabyte-nvidia-geforce-gtx-1050ti-_JM#position=15&search_layout=stack&type=item&tracking_id=632244f1-0a4a-4ce5-aa27-8f91fee0b03d
Tarjeta De Video Asus Gtx 1050 Ti 4gb Dual Fan,"5,999",https://articulo.mercadolibre.com.mx/MLM-1354812375-tarjeta-de-video-asus-gtx-1050-ti-4gb-dual-fan-_JM#position=16&search_layout=stack&type=item&tracking_id=632244f1-0a4a-4ce5-aa27-8f91fee0b03d
Tarjeta De Video Nvidia Mvs 510 Pny,"6,000",https://articulo.mercadolibre.com.mx/MLM-1351519607-tarjeta-de-video-nvidia-mvs-510-pny-_JM#position=17&search_layout=stack&type=item&tracking_id=632244f1-0a4a-4ce5-aa27-8f91fee0b03d
Rx 470 Tarjeta De Video,"6,000",https://articulo.mercadolibre.com.mx/MLM-1354685492-rx-470-tarjeta-de-video-_JM#position=18&search_layout=stack&type=item&tracking_id=632244f1-0a4a-4ce5-aa27-8f91fee0b03d
Tarjeta De Video Asus Phoenix Gtx 1050 Ti Caja Sellada Lhr,"6,000",https://articulo.mercadolibre.com.mx/MLM-1354964461-tarjeta-de-video-asus-phoenix-gtx-1050-ti-caja-sellada-lhr-_JM#position=19&search_layout=stack&type=item&tracking_id=632244f1-0a4a-4ce5-aa27-8f91fee0b03d
Rx 560 4gb Rog Strix ,"6,000",https://articulo.mercadolibre.com.mx/MLM-1361355271-rx-560-4gb-rog-strix-_JM#position=20&search_layout=stack&type=item&tracking_id=632244f1-0a4a-4ce5-aa27-8f91fee0b03d
Tarjeta De Video Nvidia Asus  Phoenix Gtx 1050 Ti 4gb Nueva,"6,000",https://articulo.mercadolibre.com.mx/MLM-1362308348-tarjeta-de-video-nvidia-asus-phoenix-gtx-1050-ti-4gb-nueva-_JM#position=21&search_layout=stack&type=item&tracking_id=632244f1-0a4a-4ce5-aa27-8f91fee0b03d
1060 Pny 3,"6,000",https://articulo.mercadolibre.com.mx/MLM-1362868914-1060-pny-3-_JM#position=22&search_layout=stack&type=item&tracking_id=632244f1-0a4a-4ce5-aa27-8f91fee0b03d
Tarjeta Gráfica Rx570 Asrock,"6,000",https://articulo.mercadolibre.com.mx/MLM-1363033330-tarjeta-grafica-rx570-asrock-_JM#position=23&search_layout=stack&type=item&tracking_id=632244f1-0a4a-4ce5-aa27-8f91fee0b03d
