Grafica,Precio,Enlace,Envio
Video Nvidia Gtx 580 Super,2900.0,https://articulo.mercadolibre.com.mx/MLM-1307578889-video-nvidia-gtx-580-super-_JM,Envio gratis
"Targeta De Video Matrox - 2mb Pci, 576-06 Rev.b",2900.0,https://articulo.mercadolibre.com.mx/MLM-1340715805-targeta-de-video-matrox-2mb-pci-576-06-revb-_JM,Envio gratis
Nvidia Quadro K2000 2gb,2999.0,https://articulo.mercadolibre.com.mx/MLM-809041350-nvidia-quadro-k2000-2gb-_JM,Envio gratis
Geforce Gtx 950 Oc (gv-n950oc-2gd),2999.0,https://articulo.mercadolibre.com.mx/MLM-1349780490-geforce-gtx-950-oc-gv-n950oc-2gd-_JM,Sin envio gratis
Tarjeta Grafica Nvidia Gtx 750 Gta V Fortnite Lol Minecraft,2999.0,https://articulo.mercadolibre.com.mx/MLM-1362149843-tarjeta-grafica-nvidia-gtx-750-gta-v-fortnite-lol-minecraft-_JM,Envio gratis
Nvidia Quadro 4000 A Negociar Ver Detalles De Publicación,3000.0,https://articulo.mercadolibre.com.mx/MLM-787803801-nvidia-quadro-4000-a-negociar-ver-detalles-de-publicacion-_JM,Envio gratis
"Tarjeta Grafica Nvidia Quadro 4000, 2gb",3000.0,https://articulo.mercadolibre.com.mx/MLM-866109278-tarjeta-grafica-nvidia-quadro-4000-2gb-_JM,Envio gratis
"Tarjeta De Video Amd Firepro W4100 2gb Directx12, Opengl 4.6",3000.0,https://articulo.mercadolibre.com.mx/MLM-900007955-tarjeta-de-video-amd-firepro-w4100-2gb-directx12-opengl-46-_JM,Envio gratis
Quadro 420,3000.0,https://articulo.mercadolibre.com.mx/MLM-923220122-quadro-420-_JM,Sin envio gratis
Tarjeta De Video Nvidia Quadro M1000m De 2 Gb,3000.0,https://articulo.mercadolibre.com.mx/MLM-940703978-tarjeta-de-video-nvidia-quadro-m1000m-de-2-gb-_JM,Envio gratis
Tarjeta De Video Nvidia Quatro 4000,3000.0,https://articulo.mercadolibre.com.mx/MLM-1309293917-tarjeta-de-video-nvidia-quatro-4000-_JM,Sin envio gratis
Tarjeta Gráfica Envidia Quadro Fx3700,3000.0,https://articulo.mercadolibre.com.mx/MLM-1357709849-tarjeta-grafica-envidia-quadro-fx3700-_JM,Envio gratis
Tarjeta De Video Gpu Amd Radeon Hd 5750 1gb iMac 2010 27 ,3150.0,https://articulo.mercadolibre.com.mx/MLM-1320831088-tarjeta-de-video-gpu-amd-radeon-hd-5750-1gb-imac-2010-27-_JM,Envio gratis
Tarjeta Grafica Gtx 750 Zotac Doble Ventilador Lol Fortnite,3199.0,https://articulo.mercadolibre.com.mx/MLM-1362174052-tarjeta-grafica-gtx-750-zotac-doble-ventilador-lol-fortnite-_JM,Envio gratis
Bloque Enfriamiento Agua Radeon Xfx Heatkiller Gpu-x³ 79x0,3200.0,https://articulo.mercadolibre.com.mx/MLM-642214198-bloque-enfriamiento-agua-radeon-xfx-heatkiller-gpu-x-79x0-_JM,Envio gratis
Tarjeta De Video Geforce Evga Gtx 570,3200.0,https://articulo.mercadolibre.com.mx/MLM-1338805034-tarjeta-de-video-geforce-evga-gtx-570-_JM,Sin envio gratis
Tarjeta De Video Nvidia Nvs 510,3200.0,https://articulo.mercadolibre.com.mx/MLM-1340601165-tarjeta-de-video-nvidia-nvs-510-_JM,Sin envio gratis
Tarjeta De Video Mac iMac A1312 2011 Mid 109-c29657-10 1 Gb,3299.0,https://articulo.mercadolibre.com.mx/MLM-1360766044-tarjeta-de-video-mac-imac-a1312-2011-mid-109-c29657-10-1-gb-_JM,Envio gratis
Tarjeta De Video Mac A1312 2010 Mid 109-b97157-00 Ati 1 Gb,3299.0,https://articulo.mercadolibre.com.mx/MLM-1364112828-tarjeta-de-video-mac-a1312-2010-mid-109-b97157-00-ati-1-gb-_JM,Envio gratis
Nvidia Quadro 4000 2gb - Tarjeta Gráfica Ddr5  2560 X 1600,3399.0,https://articulo.mercadolibre.com.mx/MLM-641552469-nvidia-quadro-4000-2gb-tarjeta-grafica-ddr5-2560-x-1600-_JM,Sin envio gratis
Tarjeta Grafica Nvidia Quadro 4000 Ddr5 2560 X 1600,3399.0,https://articulo.mercadolibre.com.mx/MLM-641554597-tarjeta-grafica-nvidia-quadro-4000-ddr5-2560-x-1600-_JM,Sin envio gratis
Mac Pro Tarjeta Grafica,3400.0,https://articulo.mercadolibre.com.mx/MLM-839561567-mac-pro-tarjeta-grafica-_JM,Envio gratis
Ati Radeon Hd 2600 Xt 256 Mb Para Mac Pro 2006 - 2007,3450.0,https://articulo.mercadolibre.com.mx/MLM-916276666-ati-radeon-hd-2600-xt-256-mb-para-mac-pro-2006-2007-_JM,Envio gratis
Vídeo Card Dell Precision M4800 Amd Firepro M5100 2g 05fxt3,3499.0,https://articulo.mercadolibre.com.mx/MLM-830262363-video-card-dell-precision-m4800-amd-firepro-m5100-2g-05fxt3-_JM,Sin envio gratis
Geforce® Gtx 950 Video 2gb Gddr5  En Excelente Condiciones,3499.0,https://articulo.mercadolibre.com.mx/MLM-1355119994-geforce-gtx-950-video-2gb-gddr5-en-excelente-condiciones-_JM,Envio gratis
Grafica Nvidia Gtx 750ti 2gb Gigabyte Gta Fortnite Lol,3499.0,https://articulo.mercadolibre.com.mx/MLM-1362206319-grafica-nvidia-gtx-750ti-2gb-gigabyte-gta-fortnite-lol-_JM,Envio gratis
Capturadora De Video Pci Pinnacle Studio ,3500.0,https://articulo.mercadolibre.com.mx/MLM-782894392-capturadora-de-video-pci-pinnacle-studio-_JM,Envio gratis
Tarjeta De Vídeo Nvidia Quadro Fx 4800,3500.0,https://articulo.mercadolibre.com.mx/MLM-784894640-tarjeta-de-video-nvidia-quadro-fx-4800-_JM,Envio gratis
Nvidia Quadro P620,3500.0,https://articulo.mercadolibre.com.mx/MLM-1318873916-nvidia-quadro-p620-_JM,Envio gratis
Tarjeta Grafica Nvidia Cuadro Nvs420 + 2 Adaptador Dvi/hdmi ,3500.0,https://articulo.mercadolibre.com.mx/MLM-1343159461-tarjeta-grafica-nvidia-cuadro-nvs420-2-adaptador-dvihdmi-_JM,Sin envio gratis
Tarjeta De Video Sapphire Radeon 299-1e231-003sa,3500.0,https://articulo.mercadolibre.com.mx/MLM-1358770626-tarjeta-de-video-sapphire-radeon-299-1e231-003sa-_JM,Envio gratis
Amd Firepro W4100 109-c75581-00-02,3500.0,https://articulo.mercadolibre.com.mx/MLM-1362919441-amd-firepro-w4100-109-c75581-00-02-_JM,Envio gratis
2 Evga Geforce Gtx 580 ,3500.0,https://articulo.mercadolibre.com.mx/MLM-1364123708-2-evga-geforce-gtx-580-_JM,Sin envio gratis
Tarjeta De Video Nvidia Quadro K620 2 Gb Ddr3,3599.0,https://articulo.mercadolibre.com.mx/MLM-897888614-tarjeta-de-video-nvidia-quadro-k620-2-gb-ddr3-_JM,Sin envio gratis
Tarjeta De Video Quadro P620,3600.0,https://articulo.mercadolibre.com.mx/MLM-1312620627-tarjeta-de-video-quadro-p620-_JM,Sin envio gratis
Tarjeta Gráfica Geforce Gtx670m Asus Republic Of Gamer G75vw,3750.0,https://articulo.mercadolibre.com.mx/MLM-931966491-tarjeta-grafica-geforce-gtx670m-asus-republic-of-gamer-g75vw-_JM,Envio gratis
Tarjeta De Video Nvidia Quadro P620 2gb,3750.0,https://articulo.mercadolibre.com.mx/MLM-961414207-tarjeta-de-video-nvidia-quadro-p620-2gb-_JM,Envio gratis
Tarjeta De Video Amd Radeon R9 270 2gb Gddr5 Igual A 7970,3750.0,https://articulo.mercadolibre.com.mx/MLM-1335861340-tarjeta-de-video-amd-radeon-r9-270-2gb-gddr5-igual-a-7970-_JM,Sin envio gratis
Tarjeta Grafica Nvidia Quadro 4000 Gddr5,3800.0,https://articulo.mercadolibre.com.mx/MLM-1322592996-tarjeta-grafica-nvidia-quadro-4000-gddr5-_JM,Envio gratis
"Tarjeta Gráfica De Video,hd6970m, 2gb, Compatible Apple iMac",3800.0,https://articulo.mercadolibre.com.mx/MLM-1353080347-tarjeta-grafica-de-videohd6970m-2gb-compatible-apple-imac-_JM,Envio gratis
Tarjeta De Video Grafica Nvidia Quadro 4000,3900.0,https://articulo.mercadolibre.com.mx/MLM-580273631-tarjeta-de-video-grafica-nvidia-quadro-4000-_JM,Sin envio gratis
Tarjeta De Video Radeon Hd 7750 1gb Ddr3 Hdmix2 +1dvi/hdmi,3900.0,https://articulo.mercadolibre.com.mx/MLM-599584656-tarjeta-de-video-radeon-hd-7750-1gb-ddr3-hdmix2-1dvihdmi-_JM,Sin envio gratis
T. De Vídeo Nvidia Quadro P620 Perfil Bajo,3950.0,https://articulo.mercadolibre.com.mx/MLM-1363033338-t-de-video-nvidia-quadro-p620-perfil-bajo-_JM,Envio gratis
Tarjeta Grafica Nvidia Quadro K2200 4gb,3999.0,https://articulo.mercadolibre.com.mx/MLM-1363408536-tarjeta-grafica-nvidia-quadro-k2200-4gb-_JM,Envio gratis
Tarjeta Nvidia Nvs 510,4000.0,https://articulo.mercadolibre.com.mx/MLM-604357924-tarjeta-nvidia-nvs-510-_JM,Envio gratis
Tarjeta De Video Matrox M9128 - Seminueva - Envio Gratis,4000.0,https://articulo.mercadolibre.com.mx/MLM-929967393-tarjeta-de-video-matrox-m9128-seminueva-envio-gratis-_JM,Envio gratis
Zotac Geforce Gt 730 Zone Edition 4gb Ddr3 Pci Express 2.0,4000.0,https://articulo.mercadolibre.com.mx/MLM-1325049369-zotac-geforce-gt-730-zone-edition-4gb-ddr3-pci-express-20-_JM,Envio gratis
Gpgpu Nvidia Tesla M2090 6gb Gddr5 384bits Pci-e X16 512cuda,4000.0,https://articulo.mercadolibre.com.mx/MLM-1336904787-gpgpu-nvidia-tesla-m2090-6gb-gddr5-384bits-pci-e-x16-512cuda-_JM,Sin envio gratis
"Tarjeta Quadro Pny 4000, 2gb.",4000.0,https://articulo.mercadolibre.com.mx/MLM-1344151752-tarjeta-quadro-pny-4000-2gb-_JM,Sin envio gratis
Tarjeta Grafica 4 Gb ,4000.0,https://articulo.mercadolibre.com.mx/MLM-1354166909-tarjeta-grafica-4-gb-_JM,Sin envio gratis
Tarjeta Para Graficos Quadro K2000 2 Gb ,4000.0,https://articulo.mercadolibre.com.mx/MLM-1359183309-tarjeta-para-graficos-quadro-k2000-2-gb-_JM,Sin envio gratis
Nvidia Quadro 4000  Usada,4000.0,https://articulo.mercadolibre.com.mx/MLM-1359639940-nvidia-quadro-4000-usada-_JM,Envio gratis
Amd Tarjeta Gráfica Radeon Hd 8490,4050.0,https://articulo.mercadolibre.com.mx/MLM-1356162037-amd-tarjeta-grafica-radeon-hd-8490-_JM,Envio gratis
Asus Gtx760 2gb Gtx760-dc20c-2gd5  Nvidia Geforce,4099.0,https://articulo.mercadolibre.com.mx/MLM-1333969388-asus-gtx760-2gb-gtx760-dc20c-2gd5-nvidia-geforce-_JM,Envio gratis
Apple Nvidia Gt120 Tarjeta De Video Mac Pro 512 Mb - Dvi Mdp,4200.0,https://articulo.mercadolibre.com.mx/MLM-870109743-apple-nvidia-gt120-tarjeta-de-video-mac-pro-512-mb-dvi-mdp-_JM,Sin envio gratis
Tarjeta De Video Gamer Evga Geforce Gtx670 Ftw 2048 Mb Gddr5,4300.0,https://articulo.mercadolibre.com.mx/MLM-932966341-tarjeta-de-video-gamer-evga-geforce-gtx670-ftw-2048-mb-gddr5-_JM,Sin envio gratis
Tarjeta De Video Amd Xfx Rx 580 8gb Gddr5 - Con Detalle,4300.0,https://articulo.mercadolibre.com.mx/MLM-1363284915-tarjeta-de-video-amd-xfx-rx-580-8gb-gddr5-con-detalle-_JM,Envio gratis
Matrox M9140-e512laf De Perfil Bajo,4400.0,https://articulo.mercadolibre.com.mx/MLM-810831241-matrox-m9140-e512laf-de-perfil-bajo-_JM,Sin envio gratis
Nvidia Jetson Nano 4gb Developer Kit B01,4449.0,https://articulo.mercadolibre.com.mx/MLM-929855294-nvidia-jetson-nano-4gb-developer-kit-b01-_JM,Envio gratis
Xfx Amd Radeon R9 370 Original 4gb Tarjeta Grafica,4494.0,https://articulo.mercadolibre.com.mx/MLM-940142208-xfx-amd-radeon-r9-370-original-4gb-tarjeta-grafica-_JM,Envio gratis
Tarjeta Acelerador Gráfico 3d Ati  Firepro V5700,4500.0,https://articulo.mercadolibre.com.mx/MLM-866795265-tarjeta-acelerador-grafico-3d-ati-firepro-v5700-_JM,Envio gratis
Tarjeta De Video Nvidia Pny  Quadro Series P620 2gb,4500.0,https://articulo.mercadolibre.com.mx/MLM-961124339-tarjeta-de-video-nvidia-pny-quadro-series-p620-2gb-_JM,Envio gratis
Nvidia Quadro P620 2gb Ddr5,4500.0,https://articulo.mercadolibre.com.mx/MLM-1322547759-nvidia-quadro-p620-2gb-ddr5-_JM,Envio gratis
Asus Gtx 680 2gb Nvidia Geforce  Gtx680-2gd5,4600.0,https://articulo.mercadolibre.com.mx/MLM-1330783077-asus-gtx-680-2gb-nvidia-geforce-gtx680-2gd5-_JM,Envio gratis
Tarjeta De Video Nvidia Quadro 5000 2.5 Gb Gddr5 Para Cad,4600.0,https://articulo.mercadolibre.com.mx/MLM-1334818768-tarjeta-de-video-nvidia-quadro-5000-25-gb-gddr5-para-cad-_JM,Sin envio gratis
Tarjeta De Video R9 270x,4699.0,https://articulo.mercadolibre.com.mx/MLM-1338257874-tarjeta-de-video-r9-270x-_JM,Envio gratis
Evga Gtx 1050 2gb Superclocked,4800.0,https://articulo.mercadolibre.com.mx/MLM-1313029004-evga-gtx-1050-2gb-superclocked-_JM,Envio gratis
"Tarjeta De Video Nvidia Quadro 4000, 2gb",4850.0,https://articulo.mercadolibre.com.mx/MLM-1344519875-tarjeta-de-video-nvidia-quadro-4000-2gb-_JM,Sin envio gratis
Sapphire Nitro R7 370 4gb,4900.0,https://articulo.mercadolibre.com.mx/MLM-1361129173-sapphire-nitro-r7-370-4gb-_JM,Sin envio gratis
Tarjeta Grafica Nvidia Quadro 4000 2gb Gddr5 !!!,4950.0,https://articulo.mercadolibre.com.mx/MLM-797980997-tarjeta-grafica-nvidia-quadro-4000-2gb-gddr5--_JM,Sin envio gratis
Cctv 16ch!!!! Avermedia 5000  En Su Pc,4999.0,https://articulo.mercadolibre.com.mx/MLM-634361143-cctv-16ch-avermedia-5000-en-su-pc-_JM,Envio gratis
Tarjeta De Video Quadro K4000,5000.0,https://articulo.mercadolibre.com.mx/MLM-768176580-tarjeta-de-video-quadro-k4000-_JM,Envio gratis
Tarjeta De Video Matrox M9148 - Seminueva - Envio Gratis,5000.0,https://articulo.mercadolibre.com.mx/MLM-914406458-tarjeta-de-video-matrox-m9148-seminueva-envio-gratis-_JM,Envio gratis
Nvidia Quadro 5000 ,5000.0,https://articulo.mercadolibre.com.mx/MLM-932344738-nvidia-quadro-5000-_JM,Envio gratis
Nvidia Asus Geforce Gtx 670 Direct Cu Ii Top 2 Gb,5000.0,https://articulo.mercadolibre.com.mx/MLM-1336893529-nvidia-asus-geforce-gtx-670-direct-cu-ii-top-2-gb-_JM,Envio gratis
Tarjeta De Video  Blackmagic Ultrastudio Mini Recorder,5000.0,https://articulo.mercadolibre.com.mx/MLM-1356496735-tarjeta-de-video-blackmagic-ultrastudio-mini-recorder-_JM,Envio gratis
Tarjeta De Video Gpu P106-90 3gb ,5100.0,https://articulo.mercadolibre.com.mx/MLM-1363232725-tarjeta-de-video-gpu-p106-90-3gb-_JM,Sin envio gratis
Tarjeta Grafica Nvidia Gtx 950 Seminueva Warzone Horizon,5499.0,https://articulo.mercadolibre.com.mx/MLM-1362097973-tarjeta-grafica-nvidia-gtx-950-seminueva-warzone-horizon-_JM,Envio gratis
Gpu Dataton Videowall Publicitaria Radeon Hd7870,5500.0,https://articulo.mercadolibre.com.mx/MLM-714616689-gpu-dataton-videowall-publicitaria-radeon-hd7870-_JM,Sin envio gratis
Gtx 960 2gb,5500.0,https://articulo.mercadolibre.com.mx/MLM-1320827517-gtx-960-2gb-_JM,Envio gratis
Nvidia Asus Phoenix Gtx 1050 Ti ,5500.0,https://articulo.mercadolibre.com.mx/MLM-1347520856-nvidia-asus-phoenix-gtx-1050-ti-_JM,Sin envio gratis
Tarjeta Repuesto Asic Antminer Aissen Love Core A1,5500.0,https://articulo.mercadolibre.com.mx/MLM-1362313241-tarjeta-repuesto-asic-antminer-aissen-love-core-a1-_JM,Envio gratis
"Tarjeta Grafica Evga Geforce Gtx 1050ti Sc Gaming(4gb,gddr5)",5500.0,https://articulo.mercadolibre.com.mx/MLM-1362607873-tarjeta-grafica-evga-geforce-gtx-1050ti-sc-gaming4gbgddr5-_JM,Sin envio gratis
Tarjeta De Expansión De Almacenamiento Seagate P/xbox S/x,5500.0,https://articulo.mercadolibre.com.mx/MLM-1362650799-tarjeta-de-expansion-de-almacenamiento-seagate-pxbox-sx-_JM,Envio gratis
Tarjeta De Captura-edición De Video Aja Kona,5600.0,https://articulo.mercadolibre.com.mx/MLM-787057789-tarjeta-de-captura-edicion-de-video-aja-kona-_JM,Sin envio gratis
Tarjeta De Video Xfx Radeon R9 380x 4gb Ddr5 256bit Pcie 3.0,5800.0,https://articulo.mercadolibre.com.mx/MLM-1356126330-tarjeta-de-video-xfx-radeon-r9-380x-4gb-ddr5-256bit-pcie-30-_JM,Sin envio gratis
Nvidia Quadro K2200,5840.0,https://articulo.mercadolibre.com.mx/MLM-1352323992-nvidia-quadro-k2200-_JM,Envio gratis
Nvidia Tesla K20c,5900.0,https://articulo.mercadolibre.com.mx/MLM-764831896-nvidia-tesla-k20c-_JM,Envio gratis
Tarjeta De Video Nvidia Gtx 1050,5900.0,https://articulo.mercadolibre.com.mx/MLM-1315747666-tarjeta-de-video-nvidia-gtx-1050-_JM,Envio gratis
 Rx570 4gb,5999.0,https://articulo.mercadolibre.com.mx/MLM-1361689848-rx570-4gb-_JM,Envio gratis
Nvidia 1050,6000.0,https://articulo.mercadolibre.com.mx/MLM-920710949-nvidia-1050-_JM,Envio gratis
Tarjeta De Video Hp-nvidia Quadro K4000,6000.0,https://articulo.mercadolibre.com.mx/MLM-1317855273-tarjeta-de-video-hp-nvidia-quadro-k4000-_JM,Sin envio gratis
Ati Genuine Apple Radeon Hd 5770 1gb Video Card Mac Pro Desk,6000.0,https://articulo.mercadolibre.com.mx/MLM-1343491263-ati-genuine-apple-radeon-hd-5770-1gb-video-card-mac-pro-desk-_JM,Envio gratis
Tarjeta De Lazo Edwars,6000.0,https://articulo.mercadolibre.com.mx/MLM-1343822587-tarjeta-de-lazo-edwars-_JM,Envio gratis
Tarjeta De Video Nvidia Gtx 1050 Ti,6000.0,https://articulo.mercadolibre.com.mx/MLM-1362181582-tarjeta-de-video-nvidia-gtx-1050-ti-_JM,Envio gratis
Gtx 1050 Zotac 2gb,6150.0,https://articulo.mercadolibre.com.mx/MLM-923938748-gtx-1050-zotac-2gb-_JM,Envio gratis
Tarjeta De Video Nvidia Quadro K4200,6199.0,https://articulo.mercadolibre.com.mx/MLM-789573775-tarjeta-de-video-nvidia-quadro-k4200-_JM,Envio gratis
Tarjeta De Video Nvidia Asus Phoenix Geforce 10 Series Gtx,6200.0,https://articulo.mercadolibre.com.mx/MLM-1363204548-tarjeta-de-video-nvidia-asus-phoenix-geforce-10-series-gtx-_JM,Envio gratis
Amd Radeon Hd 7700 Series,2999.0,https://articulo.mercadolibre.com.mx/MLM-1342086168-amd-radeon-hd-7700-series-_JM,Envio gratis
Tarjeta De Video Nvidia Geforce Gt 1030 Asus 2gb Ddr5,2999.0,https://articulo.mercadolibre.com.mx/MLM-1363310239-tarjeta-de-video-nvidia-geforce-gt-1030-asus-2gb-ddr5-_JM,Envio gratis
Tarjeta De Video Nvidia Gforce Gtx Marca Evga 3gb Gddr5 580,3000.0,https://articulo.mercadolibre.com.mx/MLM-1349858580-tarjeta-de-video-nvidia-gforce-gtx-marca-evga-3gb-gddr5-580-_JM,Envio gratis
Gtx 680 2gb,3000.0,https://articulo.mercadolibre.com.mx/MLM-1352105576-gtx-680-2gb-_JM,Envio gratis
Gtx 660 2 Gb Drr5 ,3000.0,https://articulo.mercadolibre.com.mx/MLM-1354810347-gtx-660-2-gb-drr5-_JM,Envio gratis
Nvidia Gt 1030 Asus Phoenix,3000.0,https://articulo.mercadolibre.com.mx/MLM-1357776497-nvidia-gt-1030-asus-phoenix-_JM,Envio gratis
R9 270 2gb Asus,3000.0,https://articulo.mercadolibre.com.mx/MLM-1359305142-r9-270-2gb-asus-_JM,Envio gratis
Nvidia Gtx 950 Asus,3000.0,https://articulo.mercadolibre.com.mx/MLM-1359624047-nvidia-gtx-950-asus-_JM,Sin envio gratis
Radeon R7 350 Oc 2gb Vram Ddr3 128bit,3000.0,https://articulo.mercadolibre.com.mx/MLM-1361287425-radeon-r7-350-oc-2gb-vram-ddr3-128bit-_JM,Envio gratis
Nvidia Gtx 950 Asus Strix 2gb,3000.0,https://articulo.mercadolibre.com.mx/MLM-1363416322-nvidia-gtx-950-asus-strix-2gb-_JM,Sin envio gratis
Amd Asrock Phantomgaming Radeon Rx550 2g Phantom Gr Rx550 2g,3000.0,https://articulo.mercadolibre.com.mx/MLM-1363433262-amd-asrock-phantomgaming-radeon-rx550-2g-phantom-gr-rx550-2g-_JM,Sin envio gratis
Water Block - 1080 Ti Amp Extreme Zotac,3100.0,https://articulo.mercadolibre.com.mx/MLM-1344271643-water-block-1080-ti-amp-extreme-zotac-_JM,Sin envio gratis
Tarjeta De Video Asus Gt 1030 2gb Ddr5 Hdmi/dvi,3100.0,https://articulo.mercadolibre.com.mx/MLM-1362095702-tarjeta-de-video-asus-gt-1030-2gb-ddr5-hdmidvi-_JM,Envio gratis
Tarjeta De Video Nvidia Gigabyte 1030 Oc Edition 2gb,3150.0,https://articulo.mercadolibre.com.mx/MLM-1350017069-tarjeta-de-video-nvidia-gigabyte-1030-oc-edition-2gb-_JM,Envio gratis
Tarjeta De Video Nvidia Pny  Quadro P620 Vcqp620v2-pb 2gb,3160.0,https://articulo.mercadolibre.com.mx/MLM-1346289329-tarjeta-de-video-nvidia-pny-quadro-p620-vcqp620v2-pb-2gb-_JM,Envio gratis
"Nvidia Gforce Gt120 De 512mb Para Mac Pro 3.1, 4.1 Y 5.1",3160.0,https://articulo.mercadolibre.com.mx/MLM-1357235159-nvidia-gforce-gt120-de-512mb-para-mac-pro-31-41-y-51-_JM,Envio gratis
Gtx 660 Ti,3200.0,https://articulo.mercadolibre.com.mx/MLM-1341605236-gtx-660-ti-_JM,Envio gratis
Zotac Geforce Gtx 750ti 2gb Gddr5 Pci Express 3.0 Dvi Hdmi ,3499.0,https://articulo.mercadolibre.com.mx/MLM-1347768152-zotac-geforce-gtx-750ti-2gb-gddr5-pci-express-30-dvi-hdmi-_JM,Sin envio gratis
Amd R7 360,3500.0,https://articulo.mercadolibre.com.mx/MLM-1351329090-amd-r7-360-_JM,Envio gratis
Gtx 750ti,3500.0,https://articulo.mercadolibre.com.mx/MLM-1359047669-gtx-750ti-_JM,Sin envio gratis
Tarjeta De Video Nvidia Quadro 2gb,3500.0,https://articulo.mercadolibre.com.mx/MLM-1363628615-tarjeta-de-video-nvidia-quadro-2gb-_JM,Envio gratis
Tarjeta De Vídeo Amd Hd7850 4gb Gddr5 256bits Nueva,3500.0,https://articulo.mercadolibre.com.mx/MLM-1363887741-tarjeta-de-video-amd-hd7850-4gb-gddr5-256bits-nueva-_JM,Envio gratis
Egva Geforce Gtx 660 Sc 2 Gb Gddr5 ,3600.0,https://articulo.mercadolibre.com.mx/MLM-1351113153-egva-geforce-gtx-660-sc-2-gb-gddr5-_JM,Envio gratis
Amd Radeon Rx 560 4gb,3600.0,https://articulo.mercadolibre.com.mx/MLM-1363599088-amd-radeon-rx-560-4gb-_JM,Envio gratis
Asus Gtx 960 Strix 2gb Gddr5,3700.0,https://articulo.mercadolibre.com.mx/MLM-1363593618-asus-gtx-960-strix-2gb-gddr5-_JM,Envio gratis
Tarjeta De Video Quadro P600 Para Videojuegos Y Diseño.,3800.0,https://articulo.mercadolibre.com.mx/MLM-1342178739-tarjeta-de-video-quadro-p600-para-videojuegos-y-diseno-_JM,Envio gratis
Tarjeta De Video Veineda R9 370 4gb Gddr5 256bits,3800.0,https://articulo.mercadolibre.com.mx/MLM-1360823769-tarjeta-de-video-veineda-r9-370-4gb-gddr5-256bits-_JM,Envio gratis
Asus Gtx760 2gb Gtx760-dc20c-2gd5  Nvidia Geforce,3899.0,https://articulo.mercadolibre.com.mx/MLM-1333982352-asus-gtx760-2gb-gtx760-dc20c-2gd5-nvidia-geforce-_JM,Envio gratis
Tarjeta Grafica 4 Gb Yeston,3899.0,https://articulo.mercadolibre.com.mx/MLM-1347794231-tarjeta-grafica-4-gb-yeston-_JM,Sin envio gratis
Amd Rx-550 2gb Tarjeta De Video Radeon Gigabyte,3899.0,https://articulo.mercadolibre.com.mx/MLM-1347980114-amd-rx-550-2gb-tarjeta-de-video-radeon-gigabyte-_JM,Envio gratis
Tarjeta De Video Amd Biostar Rx560 2gb Ddr5/dvi/hdmi/dp,3950.0,https://articulo.mercadolibre.com.mx/MLM-1361292328-tarjeta-de-video-amd-biostar-rx560-2gb-ddr5dvihdmidp-_JM,Envio gratis
Tarjeta De Video Amd Radeon Hd7570 Dvi Video Card 9m4kg,3950.0,https://articulo.mercadolibre.com.mx/MLM-1362257794-tarjeta-de-video-amd-radeon-hd7570-dvi-video-card-9m4kg-_JM,Sin envio gratis
Gtx 460 1gb,4000.0,https://articulo.mercadolibre.com.mx/MLM-808609177-gtx-460-1gb-_JM,Envio gratis
Tarjeta De Video Gtx 770 2gb Gddr5,4000.0,https://articulo.mercadolibre.com.mx/MLM-1348439030-tarjeta-de-video-gtx-770-2gb-gddr5-_JM,Envio gratis
Tarjeta De Vídeo Gtx 960 2gb,4000.0,https://articulo.mercadolibre.com.mx/MLM-1350019933-tarjeta-de-video-gtx-960-2gb-_JM,Envio gratis
Tarjeta Gráfica Nvidia Quadro Nvs 450,4000.0,https://articulo.mercadolibre.com.mx/MLM-1351183708-tarjeta-grafica-nvidia-quadro-nvs-450-_JM,Sin envio gratis
Gtx 770 Windforce 4gb Oc + Nzxt Kraken X41,4000.0,https://articulo.mercadolibre.com.mx/MLM-1359921097-gtx-770-windforce-4gb-oc-nzxt-kraken-x41-_JM,Sin envio gratis
Tarjeta De Video R9 270 2gb Gddr5,4000.0,https://articulo.mercadolibre.com.mx/MLM-1362178456-tarjeta-de-video-r9-270-2gb-gddr5-_JM,Sin envio gratis
Tarjeta De Video Geforce Gt 730 4gb Zone Edition,4000.0,https://articulo.mercadolibre.com.mx/MLM-1364548517-tarjeta-de-video-geforce-gt-730-4gb-zone-edition-_JM,Envio gratis
R9 280x,4000.0,https://articulo.mercadolibre.com.mx/MLM-1364633887-r9-280x-_JM,Sin envio gratis
Gtx 1050 2gb,4000.0,https://articulo.mercadolibre.com.mx/MLM-1365038412-gtx-1050-2gb-_JM,Envio gratis
Tarjeta Grafica Amd Hd7000,4000.0,https://articulo.mercadolibre.com.mx/MLM-1365052303-tarjeta-grafica-amd-hd7000-_JM,Envio gratis
Gtx 1050 Low Profile,4125.0,https://articulo.mercadolibre.com.mx/MLM-1363709277-gtx-1050-low-profile-_JM,Envio gratis
Asus Gtx 680 2gb Nvidia Geforce  Gtx680-2gd5,4200.0,https://articulo.mercadolibre.com.mx/MLM-1330720783-asus-gtx-680-2gb-nvidia-geforce-gtx680-2gd5-_JM,Envio gratis
Amd Radeon R7 370 2gb Sapphire Oc 2gb Ggdr5 Tarjeta De Video,4200.0,https://articulo.mercadolibre.com.mx/MLM-1363716406-amd-radeon-r7-370-2gb-sapphire-oc-2gb-ggdr5-tarjeta-de-video-_JM,Envio gratis
Gigabyte R9 270x 4g,4250.0,https://articulo.mercadolibre.com.mx/MLM-1357767521-gigabyte-r9-270x-4g-_JM,Envio gratis
Nvidia Quadro Fx5800 Pcie X16 4gb,4299.0,https://articulo.mercadolibre.com.mx/MLM-674352517-nvidia-quadro-fx5800-pcie-x16-4gb-_JM,Sin envio gratis
Nvidia Quadro M2000 4 Gb Gddr5 Tarjeta De Video,4300.0,https://articulo.mercadolibre.com.mx/MLM-1343247688-nvidia-quadro-m2000-4-gb-gddr5-tarjeta-de-video-_JM,Envio gratis
Geforce® Gtx 1050 D5 2g(rev1.0/rev1.1),4500.0,https://articulo.mercadolibre.com.mx/MLM-1343871320-geforce-gtx-1050-d5-2grev10rev11-_JM,Envio gratis
Tarjeta De Video Pny Quadro P620 2 Gb Seminueva,4500.0,https://articulo.mercadolibre.com.mx/MLM-1357451628-tarjeta-de-video-pny-quadro-p620-2-gb-seminueva-_JM,Sin envio gratis
Nvidia Geforce Gtx 950 Ftw (evga) ,4500.0,https://articulo.mercadolibre.com.mx/MLM-1362310885-nvidia-geforce-gtx-950-ftw-evga-_JM,Envio gratis
Tarjeta De Vídeo Rx 460 4gb,4500.0,https://articulo.mercadolibre.com.mx/MLM-1363043034-tarjeta-de-video-rx-460-4gb-_JM,Envio gratis
Rx 550,4500.0,https://articulo.mercadolibre.com.mx/MLM-1364519125-rx-550-_JM,Envio gratis
Nvidia Quadro Fx5800 Pcie X16 4gb 536797-001,4599.0,https://articulo.mercadolibre.com.mx/MLM-674752129-nvidia-quadro-fx5800-pcie-x16-4gb-536797-001-_JM,Sin envio gratis
Amd Rx 560,4600.0,https://articulo.mercadolibre.com.mx/MLM-1364531529-amd-rx-560-_JM,Envio gratis
Tarjeta Gráfica R9 380,4600.0,https://articulo.mercadolibre.com.mx/MLM-1365078206-tarjeta-grafica-r9-380-_JM,Sin envio gratis
Gtx 1050 Ti 4gb Como Nueva,4635.0,https://articulo.mercadolibre.com.mx/MLM-1365020217-gtx-1050-ti-4gb-como-nueva-_JM,Envio gratis
Tarjeta De Video Nvidia Gtx 960 2gb Asus Ecritorio,4678.0,https://articulo.mercadolibre.com.mx/MLM-1343238071-tarjeta-de-video-nvidia-gtx-960-2gb-asus-ecritorio-_JM,Envio gratis
"Asus 1050 Ti Tarjeta De Video, Aceleradora Grafica",4800.0,https://articulo.mercadolibre.com.mx/MLM-1358187627-asus-1050-ti-tarjeta-de-video-aceleradora-grafica-_JM,Envio gratis
"Tarjeta Grafica Evga Geforce Gtx 1050ti Sc Gaming(4gb,gddr5)",5000.0,https://articulo.mercadolibre.com.mx/MLM-1363573282-tarjeta-grafica-evga-geforce-gtx-1050ti-sc-gaming4gbgddr5-_JM,Sin envio gratis
Gtx 1050 Ti,5000.0,https://articulo.mercadolibre.com.mx/MLM-1364221623-gtx-1050-ti-_JM,Envio gratis
Tarjeta De Video Gpu P106-90 3gb ,5100.0,https://articulo.mercadolibre.com.mx/MLM-1363244565-tarjeta-de-video-gpu-p106-90-3gb-_JM,Sin envio gratis
Geforce Gtx 1060,5200.0,https://articulo.mercadolibre.com.mx/MLM-1363440027-geforce-gtx-1060-_JM,Envio gratis
Tarjeta De Video Amd Sapphire Radeon R9 280x 3gb Oc Toxic,5249.0,https://articulo.mercadolibre.com.mx/MLM-1362659011-tarjeta-de-video-amd-sapphire-radeon-r9-280x-3gb-oc-toxic-_JM,Envio gratis
Tarjeta Gráfica Nvidia Quadro K4000,5300.0,https://articulo.mercadolibre.com.mx/MLM-1355677657-tarjeta-grafica-nvidia-quadro-k4000-_JM,Sin envio gratis
Gtx 1060 3gb Hp,5400.0,https://articulo.mercadolibre.com.mx/MLM-1360024561-gtx-1060-3gb-hp-_JM,Envio gratis
Gtx 1050 Ti,5400.0,https://articulo.mercadolibre.com.mx/MLM-1364899431-gtx-1050-ti-_JM,Envio gratis
Tarjeta De Video R9 270x 4gb,5500.0,https://articulo.mercadolibre.com.mx/MLM-1350954281-tarjeta-de-video-r9-270x-4gb-_JM,Envio gratis
Rx 470 Tarjeta De Video,5500.0,https://articulo.mercadolibre.com.mx/MLM-1354685492-rx-470-tarjeta-de-video-_JM,Envio gratis
Geforce Gtx 1050 Ti,5500.0,https://articulo.mercadolibre.com.mx/MLM-1362425494-geforce-gtx-1050-ti-_JM,Envio gratis
Nvidia Geforce Gtx 970 Windforce,5500.0,https://articulo.mercadolibre.com.mx/MLM-1362638395-nvidia-geforce-gtx-970-windforce-_JM,Sin envio gratis
Tarjeta Gráfica Rx570 Asrock,5500.0,https://articulo.mercadolibre.com.mx/MLM-1363033330-tarjeta-grafica-rx570-asrock-_JM,Envio gratis
Tarjeta De Video Sapphire R9 270x 4gb,5500.0,https://articulo.mercadolibre.com.mx/MLM-1363228910-tarjeta-de-video-sapphire-r9-270x-4gb-_JM,Sin envio gratis
Rx 570 4gb Sapphire Pulse ,5500.0,https://articulo.mercadolibre.com.mx/MLM-1363740870-rx-570-4gb-sapphire-pulse-_JM,Sin envio gratis
Tarjeta De Video Zotac Gtx 1050 4gb Gddr5 ,5500.0,https://articulo.mercadolibre.com.mx/MLM-1364539206-tarjeta-de-video-zotac-gtx-1050-4gb-gddr5-_JM,Envio gratis
Gtx 1050 Ti Oc,5700.0,https://articulo.mercadolibre.com.mx/MLM-1343676507-gtx-1050-ti-oc-_JM,Envio gratis
Rx 560 4gb Rog Strix ,5700.0,https://articulo.mercadolibre.com.mx/MLM-1364401573-rx-560-4gb-rog-strix-_JM,Envio gratis
Strix Gtx 970 Asus,5800.0,https://articulo.mercadolibre.com.mx/MLM-1362418577-strix-gtx-970-asus-_JM,Sin envio gratis
Asus Gtx 970 ,5900.0,https://articulo.mercadolibre.com.mx/MLM-1364223860-asus-gtx-970-_JM,Envio gratis
Tarjeta De Video Gigabyte Nvidia Geforce Gtx 1050ti ,5950.0,https://articulo.mercadolibre.com.mx/MLM-1354919169-tarjeta-de-video-gigabyte-nvidia-geforce-gtx-1050ti-_JM,Sin envio gratis
Tarjeta De Video Pny Gtx 1060 3gb,5999.0,https://articulo.mercadolibre.com.mx/MLM-1362501539-tarjeta-de-video-pny-gtx-1060-3gb-_JM,Sin envio gratis
Tarjeta De Video Nvidia Mvs 510 Pny,6000.0,https://articulo.mercadolibre.com.mx/MLM-1351519607-tarjeta-de-video-nvidia-mvs-510-pny-_JM,Sin envio gratis
Tarjeta De Video Asus Phoenix Gtx 1050 Ti Caja Sellada Lhr,6000.0,https://articulo.mercadolibre.com.mx/MLM-1354964461-tarjeta-de-video-asus-phoenix-gtx-1050-ti-caja-sellada-lhr-_JM,Envio gratis
Tarjeta De Video Nvidia Asus  Phoenix Gtx 1050 Ti 4gb Nueva,6000.0,https://articulo.mercadolibre.com.mx/MLM-1362308348-tarjeta-de-video-nvidia-asus-phoenix-gtx-1050-ti-4gb-nueva-_JM,Sin envio gratis
Tarjeta De Video Rx560,6000.0,https://articulo.mercadolibre.com.mx/MLM-1363593293-tarjeta-de-video-rx560-_JM,Envio gratis
Tarjeta De Video 1050 Ti,6200.0,https://articulo.mercadolibre.com.mx/MLM-1360024037-tarjeta-de-video-1050-ti-_JM,Envio gratis
Asus Strix 970 Oc 4gb ,6200.0,https://articulo.mercadolibre.com.mx/MLM-1363829623-asus-strix-970-oc-4gb-_JM,Envio gratis
